timestamp_ms,rssi,snr,timestamp_s_server_side,total_packet_count_av,total_packet_count_gse,FlightState,dual_board_connectivity_state_flag,recovery_checks_complete_and_flight_ready,GPS_fix_flag,payload_connection_flag,camera_controller_connection_flag,GPS_latitude,GPS_longitude,nav_status,qw,qx,qy,qz
369.297000000021,-86,9,0.443788796879971,1,0,0,0,0,0,0,0,0,0,NF,0,0,0,0
1128.86800000002,-86,9,1.20379856249997,3,0,0,0,0,0,0,0,0,0,NF,0,0,0,0
1888.89799999981,-86,9,1.96380832812997,5,0,0,0,0,0,0,0,0,0,NF,0,0,0,0
2649.27099999995,-86,9,2.72381809374997,7,0,0,0,0,0,0,0,0,0,NF,0,0,0,0
3409.01899999985,-86,9,3.48394992968997,9,0,0,0,0,0,0,0,0,0,NF,0,0,0,0
4169.46899999981,-86,9,4.24395969530997,11,0,0,0,0,0,0,0,0,0,NF,0,0,0,0
4929.27299999981,-86,9,5.00396946093997,13,0,0,0,0,0,0,0,0,0,NF,0,0,0,0
5689.11199999997,-85,9,5.76397922655997,15,0,0,0,0,0,0,0,0,0,NF,0,0,0,0
6449.1379999998,-86,9,6.52398899218997,17,0,0,0,0,0,0,0,0,0,NF,0,0,0,0
7209.43599999975,-86,9,7.28412082812997,19,0,0,0,0,0,0,0,0,0,NF,0,0,0,0
7969.25399999972,-86,9,8.04413059374997,21,0,0,0,0,0,0,0,0,0,NF,0,0,0,0
8729.37299999991,-86,10,8.80426242968997,23,0,0,0,0,0,0,0,0,0,NF,0,0,0,0
9489.35099999979,-86,9,9.56427219530997,25,0,0,0,0,0,0,0,0,0,NF,0,0,0,0
10249.6019999997,-86,9,10.32440403125,27,0,0,0,0,0,0,0,0,0,NF,0,0,0,0
11009.608,-85,9,11.08453586719,29,0,0,0,0,0,0,0,0,0,NF,0,0,0,0
11769.8689999999,-86,9,11.8444235625,31,0,0,0,0,0,0,0,0,0,NF,0,0,0,0
12529.4999999998,-86,9,12.60431125781,33,0,0,0,0,0,0,0,0,0,NF,0,0,0,0
13290.0849999997,-86,9,13.36444309375,35,0,0,0,0,0,0,0,0,0,NF,0,0,0,0
14049.7779999999,-86,10,14.12457492969,37,0,0,0,0,0,0,0,0,0,NF,0,0,0,0
14809.912,-85,10,14.88482883594,39,0,0,0,0,0,0,0,0,0,NF,0,0,0,0
15569.6840000001,-85,9,15.64459446094,41,0,0,0,0,0,0,0,0,0,NF,0,0,0,0
16329.7069999999,-86,10,16.40460422656,43,0,0,0,0,0,0,0,0,0,NF,0,0,0,0
17089.7509999999,-86,9,17.1647360625,45,0,0,0,0,0,0,0,0,0,NF,0,0,0,0
17849.7909999997,-86,9,17.92462375781,47,0,0,0,0,0,0,0,0,0,NF,0,0,0,0
18610.1949999998,-86,9,18.68475559375,49,0,0,0,0,0,0,0,0,0,NF,0,0,0,0
19370.338,-86,9,19.44488742969,51,0,0,0,0,0,0,0,0,0,NF,0,0,0,0
20129.942,-87,8,20.204775125,53,0,0,0,0,0,0,0,0,0,NF,0,0,0,0
20889.993,-87,9,20.96490696094,55,0,0,0,0,0,0,0,0,0,NF,0,0,0,0
21650.46,-87,9,21.72491672656,57,0,0,0,0,0,0,0,0,0,NF,0,0,0,0
22410.5709999998,-86,9,22.4850485625,59,0,0,0,0,0,0,0,0,0,NF,0,0,0,0
23170.1299999999,-86,9,23.24505832813,61,0,0,0,0,0,0,0,0,0,NF,0,0,0,0
23930.6189999999,-86,9,24.00506809375,63,0,0,0,0,0,0,0,0,0,NF,0,0,0,0
24690.23,-86,9,24.76519992969,65,0,0,0,0,0,0,0,0,0,NF,0,0,0,0
25450.2869999998,-86,9,25.525087625,67,0,0,0,0,0,0,0,0,0,NF,0,0,0,0
26210.3230000001,-86,9,26.28521946094,69,0,0,0,0,0,0,0,0,0,NF,0,0,0,0
26970.3839999998,-86,9,27.04535129688,71,0,0,0,0,0,0,0,0,0,NF,0,0,0,0
27730.814,-86,9,27.80523899219,73,0,0,0,0,0,0,0,0,0,NF,0,0,0,0
28490.46,-85,10,28.56537082813,75,0,0,0,0,0,0,0,0,0,NF,0,0,0,0
29251.0379999999,-87,8,29.32550266406,77,0,0,0,0,0,0,0,0,0,NF,0,0,0,0
30010.5719999999,-87,9,30.08551242969,79,0,0,0,0,0,0,0,0,0,NF,0,0,0,0
30770.943,-87,9,30.84564426563,81,0,0,0,0,0,0,0,0,0,NF,0,0,0,0
31531.044,-87,9,31.60553196094,83,0,0,0,0,0,0,0,0,0,NF,0,0,0,0
32290.7319999998,-88,9,32.36566379688,85,0,0,0,0,0,0,0,0,0,NF,0,0,0,0
33050.744,-87,9,33.12579563281,87,0,0,0,0,0,0,0,0,0,NF,0,0,0,0
33810.8000000001,-88,9,33.88568332813,89,0,0,0,0,0,0,0,0,0,NF,0,0,0,0
34570.8600000001,-87,9,34.64581516406,91,0,0,0,0,0,0,0,0,0,NF,0,0,0,0
35330.9349999998,-88,9,35.40582492969,93,0,0,0,0,0,0,0,0,0,NF,0,0,0,0
36091.4179999998,-88,9,36.16583469531,95,0,0,0,0,0,0,0,0,0,NF,0,0,0,0
36851.041,-88,9,36.92596653125,97,0,0,0,0,0,0,0,0,0,NF,0,0,0,0
37611.8489999999,-87,9,37.68609836719,99,0,0,0,0,0,0,0,0,0,NF,0,0,0,0
38371.2120000001,-87,9,38.44610813281,101,0,0,0,0,0,0,0,0,0,NF,0,0,0,0
39132.4399999997,-88,9,39.20611789844,103,0,0,0,0,0,0,0,0,0,NF,0,0,0,0
39891.291,-87,8,39.96612766406,105,0,0,0,0,0,0,0,0,0,NF,0,0,0,0
40651.355,-86,9,40.7262595,107,0,0,0,0,0,0,0,0,0,NF,0,0,0,0
41411.3399999999,-87,8,41.48614719531,109,0,0,0,0,0,0,0,0,0,NF,0,0,0,0
42171.3729999999,-86,9,42.24627903125,111,0,0,0,0,0,0,0,0,0,NF,0,0,0,0
42931.4169999999,-86,9,43.00628879688,113,0,0,0,0,0,0,0,0,0,NF,0,0,0,0
43691.9080000001,-86,9,43.7662985625,115,0,0,0,0,0,0,0,0,0,NF,0,0,0,0
44450.6979999999,-87,9,44.52557590625,117,0,0,0,0,0,0,0,0,0,NF,0,0,0,0
45210.7279999999,-86,9,45.28570774219,119,0,0,0,0,0,0,0,0,0,NF,0,0,0,0
45970.773,-86,9,46.0455954375,121,0,0,0,0,0,0,0,0,0,NF,0,0,0,0
46731.223,-86,9,46.80572727344,123,0,0,0,0,0,0,0,0,0,NF,0,0,0,0
47491.237,-86,9,47.56585910938,125,0,0,0,0,0,0,0,0,0,NF,0,0,0,0
48250.852,-86,9,48.32574680469,127,0,0,0,0,0,0,0,0,0,NF,0,0,0,0
49010.8969999999,-86,9,49.08587864063,129,0,0,0,0,0,0,0,0,0,NF,0,0,0,0
49771.2519999999,-86,9,49.84576633594,131,0,0,0,0,0,0,0,0,0,NF,0,0,0,0
50530.9689999998,-86,9,50.60589817188,133,0,0,0,0,0,0,0,0,0,NF,0,0,0,0
51291.2959999999,-86,9,51.36603000781,135,0,0,0,0,0,0,0,0,0,NF,0,0,0,0
53051.2849999999,-86,9,53.12603977344,137,0,0,0,0,0,0,0,0,0,NF,0,0,0,0
54811.392,-86,9,54.88604953906,139,0,0,0,0,0,0,0,0,0,NF,0,0,0,0
56571.5029999998,-86,9,56.646181375,141,0,0,0,0,0,0,0,0,0,NF,0,0,0,0
58331.578,-86,9,58.40631321094,143,0,0,0,0,0,0,0,0,0,NF,0,0,0,0
60091.7209999999,-86,9,60.16644504688,145,0,0,0,0,0,0,0,0,0,NF,0,0,0,0
61851.7949999999,-86,9,61.9264548125,147,0,0,0,0,0,0,0,0,0,NF,0,0,0,0
63611.9399999999,-86,8,63.68658664844,149,0,0,0,0,0,0,0,0,0,NF,0,0,0,0
65372.0499999998,-86,9,65.44684055469,151,0,0,0,0,0,0,0,0,0,NF,0,0,0,0
67132.1740000001,-86,9,67.20685032031,153,0,0,0,0,0,0,0,0,0,NF,0,0,0,0
68892.2760000001,-86,9,68.96698215625,155,0,0,0,0,0,0,0,0,0,NF,0,0,0,0
70652.4279999998,-84,9,70.72699192188,157,0,0,0,0,0,0,0,0,0,NF,0,0,0,0
72412.5379999999,-84,9,72.48724582813,159,0,0,0,0,0,0,0,0,0,NF,0,0,0,0
74172.6859999998,-83,9,74.24737766406,161,0,0,0,0,0,0,0,0,0,NF,0,0,0,0
75932.7409999999,-86,9,76.00738742969,163,0,0,0,0,0,0,0,0,0,NF,0,0,0,0
77692.8470000001,-89,8,77.76751926563,165,0,0,0,0,0,0,0,0,0,NF,0,0,0,0
79452.9689999998,-89,8,79.52765110156,167,0,0,0,0,0,0,0,0,0,NF,0,0,0,0
81213.0899999999,-90,7,81.2877829375,169,0,0,0,0,0,0,0,0,0,NF,0,0,0,0
82973.3770000001,-91,5,83.04791477344,171,0,0,0,0,0,0,0,0,0,NF,0,0,0,0
84733.2930000001,-106,-7,84.80792453906,173,0,0,0,0,0,0,0,0,0,NF,0,0,0,0
86493.3389999999,-101,-2,86.56817844531,175,0,0,0,0,0,0,0,0,0,NF,0,0,0,0
88253.2889999999,-104,-6,88.32818821094,177,0,0,0,0,0,0,0,0,0,NF,0,0,0,0
90014.4780000001,-106,-6,90.08832004688,179,0,0,0,0,0,0,0,0,0,NF,0,0,0,0
91773.496,-100,-1,91.8483298125,181,0,0,0,0,0,0,0,0,0,NF,0,0,0,0
93533.5219999999,-88,9,93.60760715625,183,0,0,0,0,0,0,0,0,0,NF,0,0,0,0
95292.8789999997,-99,5,95.36773899219,185,0,0,0,0,0,0,0,0,0,NF,0,0,0,0
97053.744,-93,7,97.12787082813,187,0,0,0,0,0,0,0,0,0,NF,0,0,0,0
98813.3999999999,-87,9,98.88800266406,189,0,0,0,0,0,0,0,0,0,NF,0,0,0,0
100573.407,-97,6,100.64801242969,191,0,0,0,0,0,0,0,0,0,NF,0,0,0,0
102333.25,-87,9,102.40814426563,193,0,0,0,0,0,0,0,0,0,NF,0,0,0,0
104093.799,-90,9,104.16839817188,195,0,0,0,0,0,0,0,0,0,NF,0,0,0,0
105854.08,-89,9,105.9284079375,197,0,0,0,0,0,0,0,0,0,NF,0,0,0,0
107613.833,-89,9,107.68853977344,199,0,0,0,0,0,0,0,0,0,NF,0,0,0,0
109374.047,-92,7,109.44854953906,201,0,0,0,0,0,0,0,0,0,NF,0,0,0,0
111134.079,-87,9,111.20880344531,203,0,0,0,0,0,0,0,0,0,NF,0,0,0,0
112893.917,-89,8,112.96893528125,205,0,0,0,0,0,0,0,0,0,NF,0,0,0,0
114654.865,-89,9,114.72894504688,207,0,0,0,0,0,0,0,0,0,NF,0,0,0,0
116414.525,-93,8,116.48907688281,209,0,0,0,0,0,0,0,0,0,NF,0,0,0,0
118175.091,-87,9,118.24920871875,211,0,0,0,0,0,0,0,0,0,NF,0,0,0,0
119934.748,-94,7,120.00934055469,213,0,0,0,0,0,0,0,0,0,NF,0,0,0,0
121694.76,-96,7,121.76947239063,215,0,0,0,0,0,0,0,0,0,NF,0,0,0,0
123454.598,-90,9,123.52948215625,217,0,0,0,0,0,0,0,0,0,NF,0,0,0,0
125215.546,-86,9,125.2897360625,219,0,0,0,0,0,0,0,0,0,NF,0,0,0,0
126975.25,-91,9,127.04974582813,221,0,0,0,0,0,0,0,0,0,NF,0,0,0,0
128735.203,-91,9,128.80987766406,223,0,0,0,0,0,0,0,0,0,NF,0,0,0,0
130495.061,-86,9,130.5700095,225,0,0,0,0,0,0,0,0,0,NF,0,0,0,0
132256.102,-90,8,132.33014133594,227,0,0,0,0,0,0,0,0,0,NF,0,0,0,0
134015.97,-87,9,134.09027317188,229,0,0,0,0,0,0,0,0,0,NF,0,0,0,0
135775.464,-96,6,135.84955051563,231,0,0,0,0,0,0,0,0,0,NF,0,0,0,0
137534.596,-86,9,137.60956028125,233,0,0,0,0,0,0,0,0,0,NF,0,0,0,0
139295.493,-88,9,139.36957004688,235,0,0,0,0,0,0,0,0,0,NF,0,0,0,0
141055.154,-89,8,141.1295798125,237,0,0,0,0,0,0,0,0,0,NF,0,0,0,0
142815.094,-87,9,142.88971164844,239,0,0,0,0,0,0,0,0,0,NF,0,0,0,0
144575.295,-86,9,144.64984348438,241,0,0,0,0,0,0,0,0,0,NF,0,0,0,0
146335.866,-95,7,146.40997532031,243,0,0,0,0,0,0,0,0,0,NF,0,0,0,0
148095.096,-89,8,148.16998508594,245,0,0,0,0,0,0,0,0,0,NF,0,0,0,0
149855.473,-85,9,149.93011692188,247,0,0,0,0,0,0,0,0,0,NF,0,0,0,0
151615.751,-85,9,151.69024875781,249,0,0,0,0,0,0,0,0,0,NF,0,0,0,0
